<?xml version="1.0" encoding="UTF-8"?>
<ti:module xmlns:ti="http://ti.appcelerator.org" xmlns:android="http://schemas.android.com/apk/res/android">
	<!--
	Similar to tiapp.xml, but contains module/platform specific
	configuration in <iphone>, <android>, and <mobileweb> sections
	-->
	<iphone></iphone>
	<android xmlns:android="http://schemas.android.com/apk/res/android">
		
		<!-- Uncomment for testing purposes>
		Note that developer has to put the following lines in tiapp.xml
		<manifest>
			<application>
				<receiver
				android:name="com.vessel.VesselBroadcastReceiver"
				android:permission="com.google.android.c2dm.permission.SEND" >
					<intent-filter>
						
						<action android:name="com.google.android.c2dm.intent.RECEIVE" />
						
						<action android:name="com.google.android.c2dm.intent.REGISTRATION" />

						
						<category android:name="io.vessel" />
					</intent-filter>
				</receiver>
				<service android:name="com.vessel.VesselIntentService" />
			</application>

			
			<uses-permission android:name="android.permission.GET_ACCOUNTS" />

			<uses-permission android:name="android.permission.WAKE_LOCK" />

			
			<permission android:name="io.vessel.permission.C2D_MESSAGE"
			android:protectionLevel="signature" />
			<uses-permission android:name="com.google.android.gcm.demo.app.permission.C2D_MESSAGE" />

			<uses-permission
			android:name="io.vessel.permission.RECEIVE" />

		</manifest>
		-->
	</android>
	<mobileweb></mobileweb>
</ti:module>
